GC_ID,ptype,group_id,snapform,x,y,z,vx,vy,vz,lx,ly,lz,ek,ep
47946717,star,0,86,-2.9176259329542518,4.689834318887733,-7.991276104417921,233.45393,1.2676343,-50.634247,-227.33621300484035,-2013.3266336212455,-1098.5587528469637,28533.08591202658,27240.342
58635628,star,0,87,0.4645722861387185,0.262256818539754,0.3289838713753852,253.80217,394.7167,-257.4844,-197.38247082809596,203.11693930058277,116.8130925785246,143257.51962959766,-135455.94
57227092,star,0,87,-0.5187518452949007,2.0308233427786035,0.6180417142022634,-355.90988,-286.80103,77.75071,335.1529532060082,-179.63382927692848,871.5686566160464,107485.92726029642,-71628.87
58020767,star,0,87,-5.773405636158714,-2.2789730549702654,3.262117542872147,139.49811,14.004277,-316.3188,675.1983930653874,-1371.1774404899156,237.06005606055834,59856.71179892309,3300.1082
49880988,star,0,87,2.091155701680691,13.90265494556661,-8.566727183540934,-31.169424,142.62273,33.516308,1687.7756504091026,196.93213414479055,731.5840751017589,11218.05935507,50763.3
53350204,star,0,88,3.7391017967674998,-2.5321027813406545,2.592196709891141,-161.85815,64.67551,-177.77652,282.4967847825298,245.15632947782404,-168.013179773546,30992.738233092357,-8980.283
48531249,star,0,88,12.429945956529991,-4.433014967245981,-1.1731162712312653,77.3792,-23.336958,3.437888,-42.61717361807391,-133.50756391742985,52.9460427043698,3271.986662998359,38824.625
51358827,star,0,88,-2.042350905459898,-3.5084487014246406,0.8261878087287187,-132.3664,195.06386,105.369736,-530.843693878295,105.84247410758228,-862.7895503669349,33336.77508197911,-28788.742
64443038,star,0,88,9.810889171472809,-3.923229080508463,0.20106530727935024,-10.596588,124.756134,42.47229,-191.71265382140973,-418.8215366813201,1182.3957617366793,8740.138345575077,27702.088
46186812,star,0,90,-0.0777411869057687,-0.7854237290666788,-1.4701912600648939,-133.91898,-411.13065,56.446568,-648.7751556960258,201.27473097918127,-73.22135701515842,95074.46680803271,-79872.84
122232872,dark,0,91,-5.510296888758603,-4.103346177122148,0.12968754307803465,-99.60853,143.8338,-43.76476,160.92850449857042,-254.07480098982373,-1201.2952207743936,16262.685339544085,5810.067
121130415,dark,0,91,3.657881378851016,-4.9793943590048,7.695709417377657,-45.0381,7.2272744,-129.99646,591.6846356204554,128.9114906905753,-197.82595452408978,9489.872909058351,27928.842
119618715,dark,0,93,2.728473858172947,-0.13804411775345216,-6.188422310078749,66.67422,102.11245,120.991585,615.2127849498273,-742.7305895020183,287.8151329467076,14755.683328923304,5174.131
59979388,star,0,94,12.23914633566892,12.27357844101789,-5.497699134917639,138.90533,124.18859,-86.84274,-383.1197079346806,299.22130162203246,-184.90318001460355,21129.576690673828,54956.43
121494478,dark,0,94,5.191035737014317,-0.3450589643252897,4.037290432694135,-297.4009,-23.723888,-232.47418,175.99752817015593,6.087941072971262,-225.77240228607712,71527.19304616051,6997.77
122413924,dark,0,94,1.2154946317969006,6.30584510317567,2.5806921836046968,-95.23446,175.01192,110.161285,243.00811556715246,-379.6712747893068,813.2597922081916,25917.14058718935,6489.498
119426396,dark,0,94,1.5405716401801328,0.016078216955065727,4.384351989850984,-81.510895,94.63035,13.829464,-414.6704023334657,-378.6777336767465,147.09538059626678,7895.0907522994385,-12124.325
55423942,star,0,95,-5.220776087378908,-2.5995336711785058,6.052803960796155,-82.47312,112.841995,63.722897,-848.6602910024702,-166.51066267825257,-803.5144470755937,11797.868478354532,15520.042
118272961,dark,0,100,2.374815205068444,-5.976036404710612,-4.038346158908098,-28.577154,-197.27068,176.29521,-1850.1938789585665,-303.26410881165793,-639.2595136700189,35406.190183758736,10270.233
118854993,dark,0,100,1.27628815996286,-2.3662933432206046,1.9760749474007753,-109.62857,-164.62296,188.75948,-121.35299305826408,-457.54575572326326,-469.51968547087154,37374.63771732338,-38785.74
119808309,dark,0,100,-4.271686008425604,2.2878293195099104,1.3229685663463897,-30.828024,223.22014,-188.22237,-725.9338749610679,-844.8113553336641,-882.9970856769796,43102.632209484,-18157.496
63991214,star,0,103,0.925030847240123,1.6246388313011266,2.6449902239328367,-174.1448,97.243774,29.955133,-208.5425596831645,-488.3207316393247,372.8759049829323,20340.037900921423,-34990.14
49489886,star,0,103,2.209973929580883,-13.15126646396675,6.572754705550324,191.21162,103.59858,-108.36942,744.2671069859075,1496.2807017588725,2743.6251797759382,29519.24245209666,45398.207
28735225,star,0,105,-5.650262478309742,1.5563431597038289,-9.42522424175695,70.689415,-236.39911,-71.81494,-2339.883304630991,-1072.0368564962673,1225.7000273839676,33019.45713222446,35644.547
45799891,star,0,105,-6.118425908716745,-4.861885396348953,14.507661963391001,16.563334,48.844135,126.60383,-1324.1475081670999,1014.9113875795258,-218.32019349938233,9344.312327561085,52515.11
59811577,star,0,105,-4.082300559566647,9.57060220229323,-2.8614969134432613,-169.10405,-181.79553,56.789524,23.30258986754052,715.722622140215,2360.5715932443723,32435.422399533098,29039.88
36654110,star,0,105,-2.504973276583769,-3.548672867596906,5.2420219219784485,-30.011467,109.95316,-97.66445,-229.7977020887712,-401.96760914779725,-381.9306139476589,11264.36462885188,4286.2734
122598060,dark,0,105,-19.702121992806497,-26.138442645402392,11.501991009929043,64.024734,20.515545,1.5767345,-277.18299831941147,767.4769369118338,1269.3070823403664,2261.270475400408,82491.76
120580966,dark,0,105,-6.9885157291646465,9.386614234106673,10.99531449398637,-9.349137,-55.125492,38.13654,964.0951063582652,163.72110093745005,473.00211390558906,2290.3108422784426,51189.31
123307525,dark,0,105,-25.15092864554026,-1.2662661618451239,-32.863321413293306,-87.47489,-88.53921,82.29613,-3013.9012336621863,4944.539506313872,2116.076793797906,11131.849480030243,91693.0
132922996,dark,0,105,0.6327594970935024,3.9124433049364598,4.181800532365742,-99.38113,-215.7615,-160.73145,273.41890989827493,-313.88769879950456,252.29788115935696,41132.11429467844,-1397.3531
55078845,star,0,106,-7.01748624801985,1.816936176350282,6.4588296292567975,161.89862,-133.49574,-101.10742,678.5205264602112,336.15566512185296,642.645078573833,27127.49411943555,23356.21
49675987,star,0,106,-4.537577887866064,11.784731440522592,-5.857888040103717,231.33655,-88.35963,-23.293694,-792.1107235400933,-1460.840545643637,-2325.3004001965287,30933.309182629455,43148.375
56255390,star,0,106,0.9940280999508104,1.0670747656477033,1.4500004381989129,335.3833,298.69586,57.058044,-372.2239311296977,429.5886336021762,-60.96697709877344,102478.40436566621,-64416.273
54388002,star,0,107,7.876261385172256,-5.053974627255229,0.7111969211837277,-21.767384,-175.43462,-180.95175,1039.2941207260467,1409.7423983836738,-1491.7806966152673,31997.331501916167,21127.527
56575672,star,0,107,6.76177475383156,14.501578047791554,0.9591013901954284,-60.641678,-18.709257,-22.748116,-311.93949841804476,95.65611581667784,752.8922418877283,2272.4631817802147,49624.29
47366303,star,0,107,0.11776290899433661,-0.4888562016931246,2.0776380291063106,-18.400944,17.865105,-50.193394,-12.579869069527387,-32.3195804638602,-6.891568776126759,1588.5666969747108,-64025.355
54215688,star,0,107,0.36208171526232036,-5.244118471746333,-4.8938426702297875,-227.8281,-253.57773,-138.73663,-513.4181654344001,1165.1888484104861,-1286.5733774628989,67727.577555981,9829.269
54218773,star,0,107,0.4852952080545947,-3.9306539133467595,-5.703449551372614,176.77492,119.314865,42.06971,515.1448445252603,-1028.6430530535617,752.7439539446528,23627.63363421068,8781.179
50233852,star,0,107,-21.744281991952448,35.56668754215207,-6.154705257293244,37.536194,49.57605,21.62014,1074.0827410581403,239.09021289822795,-2413.0336851014445,2167.0904017950234,89993.91
44414805,star,0,107,-2.861809718197037,-3.598418561858125,-8.625123656340293,167.24857,23.889725,179.35979,-439.3597568213899,-929.245978828299,533.4624967633484,30356.365703232586,29051.064
59102861,star,0,108,-0.8757532459203503,-3.1667774319721502,1.0289561212994158,-147.24333,39.194996,-131.41351,375.82741687081733,-266.592738416801,-500.6120053642309,20243.17858539708,-43032.164
64544832,star,0,108,-11.183857634110609,0.9994286864821333,-5.008236824884079,-26.317204,-214.32169,-75.22107,-1148.5518536719967,-709.4589427331983,2423.2453899369093,26142.293906271923,39426.617
42616731,star,0,108,16.712867426118464,7.7530597721997765,-2.601495200411591,-137.02289,6.600173,24.900894,210.22843921510406,-59.70095701595142,1172.6544585271513,9719.444483752479,56561.676
58316245,star,0,108,-4.05315869498736,-1.444384930022352,1.488420972316817,128.62984,88.88177,96.42899,-271.5740710971986,582.2973594494563,-174.4609096819759,16872.07921828376,-22594.516
51356272,star,0,108,21.22369340006844,4.182163982855855,2.9866014041544986,33.89555,-39.615116,34.06078,260.7623269799567,-621.6630460434106,-982.5358259705627,1939.2012254322253,64841.41
35289451,star,0,108,29.450588227555272,2.5697482808609493,6.878360953800438,91.76102,-80.73782,-14.983135,516.8410065809812,1072.4275411743079,-2613.579109174189,7581.58692400076,78850.61
58625619,star,0,108,-9.3785618035472,-4.197003669301921,-3.814298777571821,-169.46465,-4.566541,11.76154,-66.7813807670946,756.6951234038058,-668.416149675947,14438.726107302238,33593.82
58494168,star,0,108,3.6582380955151166,-2.1171564400938223,5.868247173311829,129.08328,-69.71865,112.257286,171.46003943476856,346.8287270736016,18.242078401446946,17062.441904493142,12341.858
42834554,star,0,108,-0.6526625950718881,-0.30522650720376987,3.2505684696297976,-35.16511,230.78958,-114.98503,-715.1008566571387,-189.35303161899748,-161.3610512173664,33860.98879099311,-36230.66
49120199,star,0,108,-7.75753816949873,3.543960529837932,-0.35300476582779083,-50.888733,255.10965,-82.34172,-201.76088556019778,-620.8050751055082,-1798.675183783901,37225.378162734676,17224.43
45014168,star,0,108,0.02226904525741702,1.9857855874943198,9.921552635954868,-52.566048,18.872366,65.756065,-56.66572525378342,-523.0011336023533,104.8051694230507,3721.6076410033565,30575.178
36864889,star,0,111,-6.868324072638643,1.6519571227545384,-1.732881038042251,-70.444954,68.39025,-164.28477,-152.8792344368622,-1006.2883485203156,-353.35436498604,18314.601595766842,10506.758
35074844,star,0,111,0.6749583673372399,-5.395342649870145,1.6015494362436584,28.69926,-39.64753,-147.71393,860.4647356021727,145.66403663951905,128.08191348826026,12107.490209268406,-10317.245
66729038,star,0,146,11.453657951729838,3.397824523432064,-0.7422847948182607,-143.719,-159.81274,2.6799932,-109.52042353717019,75.98469919409129,-1342.108584940031,23101.222536899615,34606.94
57997094,star,0,146,-7.71118265237601,-2.635759015705844,3.7304154216544703,244.92288,-84.85489,44.806095,198.4459170352937,1259.1720798630138,1299.889241973698,34597.57579014124,17884.113
30291208,star,0,147,1.1487531610546284,-1.2944590785627952,1.8099862204180681,23.814001,-65.290726,52.87932,49.725200292099615,-17.642270165589494,-44.17667764534693,3813.1040393121366,-54893.953
41206916,star,0,147,-4.90958359468641,-8.966433961431903,10.581244217333733,40.9667,47.87694,156.3756,-1908.7290588837022,1201.217729707,132.26937624495957,14211.900544178206,45782.17
45204989,star,0,147,-10.248775418353034,-1.3677061997223063,6.226992123942182,115.01935,-65.35226,-37.786663,458.62904154687965,328.9575515329834,827.0932783138084,9464.099061680143,33420.2
63172755,star,0,147,-0.9833007078123046,0.5251942541799508,0.7942732915034867,-279.49915,162.00113,93.03522,-79.81160852301491,-130.5171112669365,-12.504479691062528,56509.847986551,-106613.914
62433621,star,0,147,4.61990386571415,-3.631475793925347,-0.8911616305194912,-192.53229,18.434988,16.05028,-41.85764793183343,97.42663849337345,-614.0084695334203,18833.07342133776,-7225.3154
36091406,star,0,147,-22.04068783247203,-12.411922876330209,1.83861618561059,-35.47721,-59.517673,-10.502009,239.780288430398,-296.7004849802441,871.4700551805688,2455.6391512058035,70456.68
42234857,star,0,149,0.023299150954699144,-1.0861440694861813,2.057760955314734,-130.85518,171.11699,202.12462,-571.654314748359,-273.97800980208837,-138.14069589023782,43629.23498839326,-60841.066
51525895,star,0,149,9.203039576867013,4.533876844652696,5.574255322753743,77.71843,97.996124,43.640457,-348.3949591302875,31.59751534658227,549.4964218046264,8773.942415765603,36818.73
43028595,star,0,151,-1.6520166227128357,1.1411919950987794,-0.3608602809108561,-68.570274,100.17867,110.227875,161.94167231260397,206.84256984815616,-87.24498449785929,13443.916325688362,-74465.766
48176532,star,0,151,0.8578847884346033,-0.6419587943455554,-1.324290448857937,-137.8325,-333.19516,-236.22917,-289.59777358953954,385.18768198153447,-374.32584753301137,92910.51774476655,-86816.56
52107766,star,0,152,0.9055364794694469,-0.8129671855786,-0.3734605529389228,353.55762,-279.6671,-16.195086,-91.27856202967477,-117.37458247913237,34.181966916398835,101739.48176205158,-114168.516
24338560,star,0,152,-3.5864316909282934,-2.7569379283377202,5.202022016870615,-133.40463,41.035236,-14.556655,-173.3344089185906,-746.1802843284112,-514.9583634650362,9846.2911085058,4414.0137
33546608,star,0,152,-2.5742065591330174,-2.963248561536602,0.5020914393171552,-30.719307,16.06046,38.327194,-121.63682216614798,83.23821369925935,-132.3718813716032,1335.2941150665283,-29986.014
65410506,star,0,152,3.06508057359315,1.4709329619217897,-4.4274658717549755,-208.688,-50.436405,-0.55002016,-224.11450541735206,925.6448696204664,152.37441743982674,23047.40879314777,-9325.075
45822276,star,0,152,-1.6286434709254536,-1.7684909238814726,-5.80730342320021,-123.75361,-82.412094,-155.34302,-203.86931959889557,465.6763641254015,-84.63721478225835,23119.08143159421,5401.9272
32743709,star,0,157,0.4179675315390341,-0.8676247974508442,0.596191530195938,165.8457,14.635458,328.39862,-293.6523227816554,-38.38415729277655,150.00899083201188,67782.33221882256,-112468.695
52971606,star,0,157,0.7047617670614272,-0.5433715130056953,-0.6372355075363885,-2.4306855,403.55774,-43.54423,280.8220157027169,32.237228598330816,283.09130016191364,82380.42499899166,-120370.02
26681626,star,0,157,0.8011761308298446,-3.01584822418954,-1.3036332777628559,-110.73614,-175.91672,-120.92999,135.37561657650923,241.24553738596575,-474.90365840006154,28916.624175165314,-40625.664
30663722,star,0,157,-1.763462398244883,-5.944656067295,4.697696808965702,117.53855,266.47244,-78.18676,-787.0133464945754,414.281066305868,228.8121295672176,45468.01969713718,10847.08
63509846,star,0,158,-4.14608821105503,2.109694638827932,1.4477035983727546,-161.95882,147.01367,-23.94633,-263.351663940796,-333.75195432553863,-267.84800488413595,24208.554222600535,-20303.455
63400267,star,0,158,-2.538361329730833,16.080239052374964,-9.434930831666861,53.28879,-51.788242,-55.36898,-1378.964925414651,-643.3225421156958,-725.439236957822,4293.720757272124,57540.105
62775207,star,0,158,-0.9334435022537946,-6.8836627198252245,-3.9284718459821306,6.035798,-111.86177,87.61979,-1042.590892469832,58.076660029124895,145.96504112329762,10113.357688338612,15176.679
36838041,star,0,158,-18.657975222391542,-23.961253342109558,-11.541386843033251,-31.255339,44.853786,43.851357,-533.0585616359241,1178.9074776505977,-1585.7979246969303,2455.849816445523,81356.86
39020395,star,0,158,-0.4398027006755001,-1.8823305696860189,-0.3325788624351844,51.168728,98.882835,102.31581,-159.7058381957017,27.98113275991089,52.82752263642401,11432.290747316554,-76245.05
37630948,star,0,158,-1.4561237911402714,-10.398616432401468,8.163453034256236,158.36223,-26.406897,220.90413,-2081.5258459966135,1614.4463717302003,1685.19978082154,37287.281251700595,40418.293
51369930,star,0,158,-3.0712113142217277,3.2593887533803354,1.0937291060909047,-182.26921,152.97542,2.448255,-159.33385226752944,-191.83403236622237,124.26638098099443,28314.769962212187,-24560.145
25055934,star,0,158,2.407023841245973,-4.496381822616968,6.062278038109071,129.26764,-273.62357,150.71828,981.095211955587,420.8738839223727,-77.38178313130163,57147.99660947919,15679.133
36048908,star,0,158,2.390618932469806,-1.8885782248034957,-1.2597367181951995,-136.32248,-106.37847,137.76248,-394.18408952954087,-157.60716428666387,-511.7660535341928,24439.35081968375,-47211.117
41026180,star,0,158,-0.8336829562394996,-1.8716083734834683,1.3364220288713113,232.81929,86.14035,-138.46838,144.03872479086215,195.7060965745484,363.932791049598,40399.23944118619,-65705.414
36881691,star,0,175,0.9168210022253334,3.3156216984498315,-1.6906952624485712,-97.24496,136.47345,62.929928,439.38684905121886,106.71610854722243,447.5492143328135,16020.879656179924,-36758.11
35848395,star,0,175,-6.203099959733663,-1.753590774598706,1.8147617244176217,218.861,100.6022,76.1196,-316.0516535669275,869.3580297327094,-240.25290642059173,31907.567525096238,2181.6267
31822242,star,0,176,-1.191772384190699,-1.6080994020303478,-0.509060502408829,-98.41561,6.610721,-22.181946,39.03603078830773,23.663670083510837,-166.14056048908927,5110.686607228854,-68901.38
36239119,star,0,176,-2.1272111130238045,0.5331148982368177,-1.5163567382332985,159.61925,34.587116,14.371404,60.10801618671728,-211.4687117541472,-158.669496890029,13440.556267164764,-49021.547
60636408,star,0,176,-0.002640214042912703,0.876396257939632,-0.5526083606018801,-417.30096,-136.45311,158.41519,63.429351890072965,231.02225180366526,366.08126901227047,108927.4678804744,-120913.336
28172828,star,0,210,-0.4690708252383047,-1.0105501422658563,0.3240470127639128,24.383204,109.442726,129.49202,-166.3227673558239,68.64223277844381,-26.695940092233016,14670.217151478399,-115399.58
46225814,star,0,210,-1.337099410200608,0.08758343869703822,-0.8582689344475511,-4.1538773,95.726845,346.86212,112.53875443578201,467.35428199657326,-127.63249685165457,64747.10064423084,-82631.74
17788377,star,0,210,0.2508514338696841,0.19193033351621125,0.061572743084980175,188.50583,338.22305,-245.86009,-68.01333063365131,73.28117762070207,48.66375120508796,105188.23676325567,-164202.17
50416628,star,0,210,3.79227437247755,-0.33639243889047066,1.1260516987458686,175.93382,-79.49613,148.14087,39.68328609674278,-363.68024171710937,-242.28833602553775,29609.029761613463,-25883.422
37602601,star,0,210,-1.148889614691143,1.107764768996276,3.8645507333931164,55.535652,-15.025624,-210.84926,-175.50409273738362,-27.622177980459327,-44.25765520275688,23883.69267087255,-21829.826
38601551,star,0,210,-3.1573333016058314,-0.8778744488809025,-0.9398998162650969,39.808304,-8.079693,-121.19145,98.79677734038746,-420.0576248112838,60.45697606058262,8168.674830306438,-34180.715
47930924,star,0,210,-0.4404776360242977,-0.46901717258879216,1.2214050458278507,124.8165,-218.17383,37.938526,248.6847942707225,169.16257253318867,154.6417729467451,32309.152800539625,-98539.766
63394537,star,0,210,-1.5519572297416744,1.3061797106129234,-0.08589617142570205,-93.19056,55.119045,-68.16947,-84.30706591066786,-97.79139225130469,36.181217108296764,8184.8326231011015,-77730.72
36089626,star,0,210,-0.6352889842892182,-1.5646126329957042,-0.548073856109113,51.80125,-218.90375,117.46877,-303.76854708452964,46.235706324174515,220.116030314794,32200.567852677894,-79832.484
47352685,star,0,211,-2.103916511456191,-1.1941389153435011,0.9484504462816403,154.92375,-1.4063536,-119.248566,143.7332095628032,-103.95152472484506,187.95933151747184,19111.786619064515,-61187.883
55384882,star,0,211,2.3579745599417947,-1.7897277004594798,-0.8629124793078518,274.28366,-257.04745,55.069473,-320.36881830551613,-366.5352108431191,-115.21829352043216,72168.77351869317,-52282.844
31214159,star,0,211,2.1800946535295225,-3.875209801066376,-3.9044101498511736,-32.583866,-102.44206,117.75889,-856.3162260083417,-129.50474506977835,-349.6027098291368,12711.617938943207,-3512.75
40071787,star,0,213,-2.1520863119512796,-8.838717708124022,5.396126509098394,4.035615,33.320812,115.42603,-1200.0214401864116,270.1834746110315,-36.03960241820381,7224.866098076134,27453.76
28408141,star,0,213,1.3897585586091736,-1.5411816247869865,4.993133287498495,-90.9318,-33.365257,178.55081,-108.58205350023852,-702.177120478405,-186.51207240862598,20631.113309134846,-4342.214
23109154,star,0,213,3.4736276263502077,-2.65512191131711,-1.8616808879887685,-51.61526,-118.45471,-129.57971,123.52505910256048,546.20281219643,-548.5123704222773,16743.276969355065,-22485.645
60932987,star,0,213,8.318702041637152,-4.07877333239594,-3.3790673993862583,133.4459,-42.054127,65.9395,-411.0559983455569,-999.4537600635858,194.45985923961467,11962.187725145486,20689.648
57054599,star,0,213,0.17132835703523597,3.54265232533362,0.8346238403755706,-23.951138,-88.12916,-114.027054,-330.4035110967128,-0.45412260649468905,69.75152925965006,10671.286181491334,-35136.664
59829740,star,0,213,1.1986322473821929,-7.409284299348656,7.5869673967317794,59.874123,19.347223,100.967804,-894.885916840838,333.2397504551253,466.814602385834,7076.861612545326,30438.836
40257691,star,0,213,-2.9304574961497565,4.983645775690093,-2.5685051190812374,89.39597,219.82785,186.85674,1495.8567381052303,317.96170565558924,-1089.7140361262313,45615.68724514963,-141.78075
57037783,star,0,213,-8.66479118438292,4.559692496761272,-1.2516706633905414,-151.79378,-19.560032,-45.5903,-232.36047382975804,-205.03462450982383,861.6165400602029,12751.211130880867,25709.77
17155273,star,0,238,0.285432425160252,0.5789710097524221,0.07071486143104266,-133.85393,-8.8045635,223.00606,129.73665591964806,-73.1186218290485,74.98443571036498,33863.04572917707,-140657.3
18913688,star,0,238,2.3631823025352787,17.768223086706712,-0.383079653736786,82.82886,-89.1879,-68.98948,-1259.9865232578334,131.30466596681217,-1682.4888758380703,9787.323437958956,54513.15
57022530,star,0,238,1.3244380401520175,1.5715527488355292,-1.3613259420890245,131.71346,-148.8422,-87.99981,-340.91908157753073,-62.75464856933739,-404.12690576665966,23623.195699588512,-67547.836
56042276,star,0,238,-1.6103293163396302,0.2405592616996728,-2.4620971622061916,-52.058434,-72.627846,-186.4948,-223.67986357080298,-172.14511708624667,129.4778875524915,21382.596818385762,-40611.574
20390703,star,0,238,0.18957294824940618,2.7639722318417626,0.1465520405981806,95.97322,222.46826,-299.4439,-860.25782634042,70.83153596066805,-223.0933530953135,74184.8226280678,-55530.297
43242312,star,0,238,-0.18373071472888114,-1.246260805084603,3.442408443290333,-26.58247,-6.7065215,110.17085,-114.2150292594778,-71.265949463886,-31.89649639821794,6444.611731195007,-30150.021
48557034,star,0,238,0.32773909138632007,0.9013812641132972,-1.1211759597645141,-34.65563,-205.5262,-374.14224,-567.675841243913,161.47609579703564,-36.12103586857057,91712.23156938143,-96799.945
63157406,star,0,238,1.080354237848951,-2.851220113596355,1.4448851938795997,-152.47263,21.261263,112.50465,-351.4955943654787,-341.8503108019959,-411.7633217919261,18178.618049205397,-41079.867
44196139,star,0,239,6.14438003282703,-5.220520954710082,-8.403490693453932,92.108086,-143.87296,-170.28044,-320.0824291890326,272.23830300439477,-403.15792280416497,29089.378062803764,33600.73
27635201,star,0,239,1.3152402639389038,0.30657647331099724,1.08864862457267,-247.19298,295.945,-157.96326,-370.60794336614055,-61.34665978705107,465.0223409379483,86820.09863831522,-75771.26
50221345,star,0,239,-1.150695433250803,-1.276022144840681,1.0027672210126184,-277.26724,-46.31919,-25.17959,78.57708114296281,-307.00854165429513,-300.4998598502716,39828.30209132703,-81517.88
34317812,star,0,239,2.531317382097768,0.5020495476492215,0.5736871566768968,-121.43709,100.01741,85.85522,-14.275130872631266,-286.99370082232525,314.14324425452855,16060.78226311237,-52439.367
47012071,star,0,239,-0.7329770517244469,-1.7030789979617111,-0.22615973778010812,91.28447,-94.04445,167.47165,-306.4865163474708,102.10800394685205,224.39708587446944,22611.982822213788,-78849.72
49149400,star,0,239,-3.0561017010040814,2.521843084541615,2.6844062685268,-69.19372,-23.912495,228.82898,641.261630034959,513.5805832398829,247.57471472634705,28861.14203568187,-19404.719
20028841,star,0,240,-0.5985442289020284,-0.9992907117266441,-1.6289977159831324,-191.92102,6.035097,7.5500045,2.286510075161538,317.1579156674252,-195.3971657319073,18463.551576753263,-66234.945
50615603,star,0,240,3.1240920429845573,9.931729295742116,-1.7711893799132667,90.466606,98.784004,17.154608,345.34009973893757,-213.82606567581684,-589.8795209572911,9118.384128279984,25778.613
50618636,star,0,240,2.505045586563938,0.9929547169522266,3.0243286678087316,21.089788,-55.424404,104.25876,271.145840430548,-197.3904911858853,-159.78186389751653,7193.266040589922,-20357.506
20212053,star,0,241,-0.5141319760732586,4.720366205830942,6.433463460329222,19.380114,-10.74935,14.268729,136.50917499861572,132.0172626582071,-85.95464896223118,347.3669488531614,16935.215
40493281,star,0,241,-2.4321393063728465,3.1862337420825497,-0.1634203650537529,15.046167,-313.36096,-130.4511,-466.85724522158347,-319.7340872869472,714.1969063790277,57719.47935663583,-32298.502
42056334,star,0,241,8.875529664648639,4.612616953905672,-1.4416887231127475,-92.78173,-248.55898,-70.7527,-684.6997788735621,761.7300696463453,-1778.1259741598908,37697.98112657666,24782.174
51862455,star,0,241,0.5682406393243582,1.4541334344175993,-0.6811887901494629,-387.01138,10.9294195,230.58554,342.74714238725136,132.5997406914822,568.976731936936,101533.48061627895,-92489.98
46018703,star,0,241,0.8985241447589942,1.6356151521176798,1.4454708324774401,245.58838,35.552128,-1.021201,-53.05985567523783,355.90841227259966,-369.74362846295804,30789.323329569772,-56796.066
56087606,star,707419,76,-2.8603452384268166,25.180529483273858,16.638094560483296,-10.91342,-109.65783,-110.0767,-947.2922141100996,-496.4358691913834,588.4649369618255,12130.41206856363,78810.89
36266815,star,1920378,57,-4.1235297164166695,4.818756802669668,-2.777976210702036,96.25535,26.893719,204.2091,1058.7441316704783,574.6672513222366,-574.7281622836477,25844.862570639816,6214.3765
35118775,star,1920378,101,-0.02995744078361895,-23.92992026630236,9.55625037990103,16.819235,-6.390391,45.477596,-1027.2070777469016,162.09121180368734,402.6743886095523,1195.9677333492145,70323.26
32186830,star,1920378,107,-0.7866591113634058,-0.7620467425513198,-3.9390256365732057,45.148026,178.72495,264.53116,502.41703292133974,30.256616096890298,-106.19070069137578,51978.84782001795,-20305.016
38812162,star,4414957,83,-6.317907106822531,-2.008882423302566,-1.2648417978562065,253.42212,-13.670851,-67.47719,118.2622737231259,-746.8534951011488,595.4664059513336,34481.417167541105,6734.1655
39202293,star,4414957,86,-0.7680751407315256,-18.530487956741126,-2.1585483831586316,-49.151386,88.96473,-4.975192,284.227409344009,102.27432399432018,-979.1307681505536,5177.6678022462875,55693.027
104971784,dark,4414957,86,-23.01336648758297,-5.588323087140452,6.401962479307258,-108.24911,16.43713,10.743363,-165.26727497579105,-445.7657649594369,-983.2046819310292,6051.733980426681,68741.73
34262021,star,4414957,87,5.02589721615368,0.17967484233668074,1.91134130032151,-86.670105,143.74034,335.01062,-214.54387028143793,-1849.3850941812618,737.9966180659976,70202.55384748848,-6276.346
35044545,star,4414957,94,-11.424071347173594,-23.850026735024585,1.908287536331045,-57.881508,-118.455795,47.507145,-906.9989588825391,432.27045309862837,-27.22805339006618,9819.485689588939,71661.305
51167018,star,4906476,65,-14.310285207393463,-14.257665923323657,0.500528953729372,20.002377,43.364246,-37.702198,515.8402832022217,-529.5174381245108,-335.3675307219754,1851.0043992546343,60405.383
50660125,star,8580896,41,17.552443904292886,1.0489698307210347,-12.199448987579672,-145.80978,209.83252,-133.09921,2420.2240593979136,4115.015484694685,3836.0235927410486,41502.78500774689,63093.445
48960960,star,8580896,50,-16.593117941200035,19.105218173201138,4.190270903563942,-74.40946,-13.146683,85.047485,1679.938924884428,1099.4071515768596,1639.7534624127984,6471.339094555267,70830.92
46445853,star,8580896,87,1.9757379859584034,-34.30349414749071,-0.012013858067803085,102.33724,108.45265,-102.19107,3506.813725533467,200.6733148225525,3724.799010545477,16338.95238900662,82020.805
51951398,star,8580896,88,-40.867548993293894,-28.40556751316035,-5.321336105800583,33.22103,-160.19055,187.06999,-6166.257056177898,7468.311793171282,7490.25746652013,30879.916925497353,96345.76
52143390,star,8580896,89,-0.3921103190150461,-12.720648506503494,2.3761991931824014,145.96523,195.74388,-151.94324,1467.6900620545498,287.2639391480819,1780.019128480153,41354.13464517146,36481.75
52305466,star,8580896,99,12.90443488816527,-1.9315630463897833,-12.152939819192397,177.92244,173.58203,-103.2233,2308.914285716269,-830.2423840255567,2583.6464294280604,36221.08138033934,54664.13
47406211,star,8580896,99,-3.235270700039109,-44.04538881407643,19.167587697331328,70.50512,-33.861996,-31.555841,2038.9420779703353,1249.3213685033395,3214.978116519986,3556.688915901148,94237.45
120433313,dark,8580896,111,-20.603804776634206,-10.36137104712543,19.612764954894374,66.369675,6.907733,-90.80219,805.3554673473086,-569.1778217506578,545.3552442332509,6348.8442939240485,77953.4
47034856,star,8580896,114,17.42793485535367,10.929765132896136,-3.400744465754542,136.0811,128.38142,-111.00103,-776.6227700583518,1471.7416698677416,750.0886261454334,23660.54306961887,61820.18
41856445,star,8580896,115,-20.165072512303595,17.174705879355315,-0.42602057005569804,-171.00421,1.2181385,29.762093,511.67413863267154,673.0060668354754,2912.3831850666697,15064.852249622345,72351.09
50646339,star,8580896,116,7.9247968439158285,28.747114690209855,-6.7253175968216965,97.01016,62.74718,-37.820904,-665.2471384776136,-352.701173052086,-2291.503601824603,7389.300369664124,77600.54
48566415,star,8580896,116,0.6819870505423751,-17.268629658196005,4.807269416283816,22.343002,142.52577,24.98845,-1116.6760584064605,90.36703302062915,483.033763441984,10718.61257434648,53280.027
118895841,dark,8580896,121,-28.211181690021476,-5.584474922514346,8.87425922651164,-67.74253,-131.07677,13.152698,1089.7582989401335,-230.11163851254224,3319.5240237011376,10971.581437627901,77485.516
38097461,star,8580896,123,-8.27839910374314,0.7430459663373767,6.2531789234199096,-226.7825,-73.4588,0.7527015,459.9103196673,-1411.8803932375822,776.6310973596777,28413.53184235096,26262.65
122649411,dark,8580896,123,-9.999895850807661,22.781848887214437,8.806435918486386,-77.30581,61.846363,77.19316,1213.9568961266418,91.13491723189964,1142.7120697926848,7879.9725551392185,72227.375
44664407,star,8580896,124,35.142278668645304,0.483194503984123,-15.151022635749541,56.63384,69.03556,4.579983,1048.1723641693102,-1019.0116185107445,2398.701749352405,3997.1384992405074,87746.92
48196074,star,8580896,126,11.400356079051562,-1.7007531542039942,-15.34857126075076,110.951355,-133.9211,-87.95001,-1905.9162369062922,-700.2833220774904,-1338.047323090933,18990.134068764863,59093.547
51957949,star,8580896,128,33.681888105449616,-7.639324031471915,-9.513952839894046,-69.44375,91.090576,-12.175241,959.6420606113132,1070.7696688689698,2537.5992975281843,6634.081835746882,85113.766
38300916,star,8580896,129,-18.80084255101974,3.6683367955338326,19.360167234801338,-44.990086,53.044476,-26.823679,-1125.3482061937352,-1375.323346119408,-832.2420466715412,2778.667198634823,74289.83
40686753,star,8580896,129,-45.74179760317202,-10.853565739060286,21.97592787656322,-39.521942,-95.05683,96.2502,1044.3042147949232,3534.1257428618815,3919.116343724309,9930.94323129498,97820.16
61799046,star,8580896,130,52.57764147104899,-28.407507047966646,30.279388881222985,41.71132,56.41605,-62.96063,80.31098232979639,4573.31460039861,4151.137435478906,4443.32263504414,106872.64
55286280,star,8580896,131,-8.187680670736881,25.518728131435637,-21.90083966304519,-166.11539,76.068306,35.424355,2569.944245547024,3928.109758487726,3616.2303999142023,17317.798813909758,83346.414
42482440,star,8580896,154,8.207981101098994,-16.481811856479908,2.3741951844349387,-45.70689,126.04167,-59.260994,677.4810227218946,377.89604005002224,281.215296423759,10743.743140353938,55264.023
38877773,star,8580896,154,-19.84663419874414,-0.061016158520942554,1.1374948014708934,61.397686,22.346432,-41.81014,-22.867855875928605,-759.9509799725217,-439.75520529366185,3008.5630789553106,60087.0
62194223,star,8580896,154,8.456149643810932,14.137895829961053,-31.73086141274689,-53.3303,42.925083,66.589355,2303.483235894735,1129.1267841172253,1116.9591438562777,4560.41280437613,85662.875
43071575,star,8580896,68,10.093372561816068,-45.30259998461406,51.48281418035185,71.38581,55.318577,-14.0172,-2212.9403849768,3816.623261826953,3792.3138389682445,4176.280052823975,106687.02
20573693,star,9106256,107,-16.46659164171433,35.6577176419014,-57.086998361985025,87.68452,85.01017,89.05139,8028.344811913366,-3539.272972397098,-4526.457499928306,11422.726734783966,108295.42
11339401,star,13687078,205,5.281247389233613,42.35547384613892,10.923015604734246,98.53825,-13.643379,16.22691,836.3252907804333,990.6365595897394,-4245.688491840689,5079.620502595324,91872.29
19632342,star,13687078,206,26.694056762076798,-5.225195860992244,-15.228970375217614,4.491614,-69.220825,-76.95259,-652.0695365627632,1985.7741761193852,-1824.3150747054235,5366.699576830986,79579.26
21819730,star,13687078,207,52.38744408698403,203.2892234013416,-8.618164726045507,56.81861,-51.132866,-3.4919047,-1150.538063175164,-306.74018626140753,-14229.331488059175,2927.559200506221,134452.61
18474358,star,13687078,211,50.591005371301435,-81.27296765364736,21.357497042161413,-33.701496,-97.431694,19.241003,517.1236996656535,-1693.2012917592083,-7668.187960432384,5499.4708274548175,117841.72
14305131,star,13687078,231,65.8525446144049,22.287305783516786,-5.172201664616296,106.706215,-61.587105,6.0283833,-184.18450496729454,-948.8904396083744,-6433.861606924998,7607.764459542115,108382.55
23011833,star,13687078,231,56.60982502492698,22.059469715939485,-11.33868428729329,135.25746,-66.66212,3.1385489,-686.6259753045132,-1711.3143552798429,-6757.438656279664,11374.13357899012,104492.41
25871254,star,13687078,231,47.41193581268453,-75.49531120730535,10.796599693268945,-46.442753,-115.57297,22.946215,-484.53655220997007,-1589.3482684047794,-8985.748197019446,8020.283438958257,115331.06
13712428,star,13687078,42,93.31485284105293,136.16861714340484,5.650554515879776,51.428528,-99.3256,-9.721426,-762.5084207014769,1197.7531377269695,-16271.505233202462,6302.487643260974,130295.12
12300183,star,13687078,64,-116.67483332312258,-28.034395001785015,3.454481735083391,-103.70502,52.951656,-8.877345,65.95046900977641,-1394.009845534399,-9085.433090597477,6818.708325998421,122789.766
14901800,star,13687078,71,-44.43725049786735,242.31820664430415,19.412743401560874,55.503635,59.43855,-11.035808,-3828.042409528232,587.0768848078553,-16090.827086938896,3367.691707448219,136684.55
12321892,star,13687078,71,-16.90416671148705,22.4096135556465,3.5824941577229765,26.877058,207.98209,52.459652,430.50591873970575,983.0736055053376,-4118.068341763814,23365.469623776153,74837.086
15801241,star,13687078,74,61.044390416798706,217.39950737890467,3.6742023326005437,57.37922,-33.18593,-12.43585,-2581.615879686423,969.9617518158274,-14500.02872260087,2274.165464047808,135873.06
13437081,star,13687078,75,-20.446375596999133,-57.18589328158123,0.5894987101637525,-62.850582,-31.873196,18.941088,-1064.3738134284627,350.22625670120135,-2942.475352260254,2662.430234559608,102031.05
14871321,star,13687078,106,-102.2866970645191,8.59216817386914,6.6246298258483876,84.500046,70.2809,-7.7831354,-532.458948417983,-236.32969078090832,-7914.839634339829,6070.119696432841,118725.4
15344737,star,13687078,106,-95.31686727430497,-14.674746929689718,28.806543799932115,-113.92377,86.531395,24.909143,-2858.2057952740615,-907.4884665890308,-9919.703939639805,10543.385154516553,118186.78
18284821,star,13687078,107,-2.807243823277531,-58.484122581692645,-10.277193654044822,-50.463043,2.4326913,24.197433,-1390.1644253627867,586.5465631238509,-2958.1159628339715,1568.976409281866,101901.9
81605580,dark,13687078,38,16.318603710111347,-15.893917040455563,-24.519195573848265,-3.297717,-81.064255,6.8506975,-2096.5147345376295,-30.93644753887233,-1375.2690904176845,3314.6105356571497,83347.63
39430874,star,16199669,118,-60.749698857842304,52.197539411397884,-9.563900638604537,-7.993324,-6.0899673,0.5264062,-30.766731818492644,108.42637448442613,787.1955107741212,50.629016360799596,111458.19
47568179,star,16199669,120,8.695530695396883,77.58556884127029,16.690106839087093,2.5491774,55.11941,46.235092,2667.227059584615,-359.49261981366567,281.5131550426653,2591.1656555319496,111043.586
35861007,star,16199669,121,-33.156510575441644,-133.66459104618843,-83.79743184479594,-8.073109,41.785103,18.66296,1006.9073845903877,1295.3044061588057,-2464.5369736116772,1079.7379520363465,131390.62
59714822,star,19898495,68,-11.000080212434113,45.921223670033214,1.4857979774678824,-133.27165,55.834503,-21.283422,-1060.3195956015388,-432.1341056909178,5505.8133370131145,10665.905640276149,93921.04
56458775,star,19898495,69,62.73037679694244,89.15646445313905,-52.33240945435682,-18.000761,98.09918,14.180001,6398.005344487581,52.506374873338245,7758.682869506445,5074.274353381363,123478.55
48388090,star,19898495,88,18.48589065275155,15.211234996917483,2.7531695243160357,-26.594196,260.3165,56.78023,147.00199573105158,-1122.851481130862,5216.712883259877,35847.96472828882,68800.0
47819237,star,19898495,189,-48.220834864041535,-26.331304381725204,1.7202767263515852,-39.65091,-128.37321,-43.821556,1374.716185493731,-2181.3225564248114,5146.203423009228,9986.103514151648,99425.35
41671394,star,19898495,189,61.48591710978508,-11.796780288306763,-13.684109708687174,-68.70141,108.88124,49.321114,908.1125043835426,-2092.4362922387713,5884.207529159806,9503.790086584166,106268.15
55466836,star,19898495,189,48.0866918502652,-61.445505772484466,-33.83380577996286,102.10292,43.110798,-24.185062,2944.665754387675,-2291.550739439899,8346.8212461251,6434.2322603362845,114516.63
58839036,star,19898495,189,28.016485389322042,-8.453032118966803,-1.4733194050422753,148.01332,139.43266,45.068264,-175.534635160666,-1480.7252580105346,5157.574520517255,21690.278945751954,76839.08
62072586,star,19898495,189,29.029826195670466,110.27259987780417,-6.5250391513400245,-73.08012,-55.95242,62.240475,6498.327236479242,-1329.9795430448542,6434.445413727765,6172.6271094237745,120315.68
48203061,star,19898495,189,-29.99424886248744,43.7987929948722,-3.2443943978942116,-98.86894,-24.034906,-19.580318,-935.5730302428228,-266.52710202740275,5051.2492992683565,5368.066302511026,98177.805
57890243,star,19898495,222,39.453492670785636,-10.31305912015523,-35.42997672504134,-70.41217,125.53241,95.95526,3458.0180708147236,-1291.0686368881393,4226.527128562879,14961.836590077844,101056.625
56635047,star,19898495,222,28.739037073159125,6.904492402209144,-9.989108879868581,-180.9342,126.08338,146.07779,2268.0536136713717,-2390.763537585801,4872.773817149007,34986.461727992166,79343.81
60294988,star,19898495,222,-43.813545583878295,-44.565280467650155,-0.7309740454365965,58.741127,-67.8541,-23.49868,997.6256816992691,-1072.4987316154482,5590.743639087775,4303.44332010395,103223.09
59286585,star,19898495,223,22.72837785518641,-72.3658733962875,-28.7515196371387,121.945984,-19.434359,-63.3375,4024.706273827778,-2066.573683305572,8383.016185570703,9630.077440780704,112449.45
45267475,star,19898495,223,31.900449337052123,117.0137682661516,12.758853039937094,-84.83291,-33.423206,34.204365,4428.823391340933,-2173.505219827656,8860.403011626724,4741.83610617838,122392.87
36713078,star,19898495,223,83.2791664250326,111.32963996039325,-25.273449073203665,-53.96013,40.933598,43.73218,5903.2212199751575,-2278.2210585444527,9416.27759372491,3249.8791485429974,126375.97
